Identifiant;Source;Date du document;Page PDF;Famille;Contexte;Motif original;Départs types originaux;Lien source
76-77-01;SDIS 76 · règlement opérationnel 2025 · annexe 6;2025-04-14;77;INCENDIE;SUSPICION FEU;ALARME INCENDIE SANS ODEUR/LUEUR/FUMEE;Départ type : EP_1;https://www.sdis76.fr/wp-content/uploads/reglement-operationnel.pdf#page=77
76-77-02;SDIS 76 · règlement opérationnel 2025 · annexe 6;2025-04-14;77;INCENDIE;SUSPICION FEU;EXPLOSION DE BATIMENT;Départ type : EP_1+MEA+ESR+USAR_RECO+RCH_RECO +VSUAP+CDG;https://www.sdis76.fr/wp-content/uploads/reglement-operationnel.pdf#page=77
76-77-03;SDIS 76 · règlement opérationnel 2025 · annexe 6;2025-04-14;77;INCENDIE;SUSPICION FEU;FEU D’ORIGINE INDETERMINEE;Départ type : EP_1;https://www.sdis76.fr/wp-content/uploads/reglement-operationnel.pdf#page=77
76-77-04;SDIS 76 · règlement opérationnel 2025 · annexe 6;2025-04-14;77;INCENDIE;FEU EN CONTEXTE SIMPLE;FEU DE VEHICULE (VL, PL, BUS,...);Départ type : EP_1;https://www.sdis76.fr/wp-content/uploads/reglement-operationnel.pdf#page=77
76-77-05;SDIS 76 · règlement opérationnel 2025 · annexe 6;2025-04-14;77;INCENDIE;FEU EN CONTEXTE SIMPLE;FEU DE VEHICULE SUR VOIE DE CIRCULATION;Départ type : EP_1+EBS;https://www.sdis76.fr/wp-content/uploads/reglement-operationnel.pdf#page=77
76-77-06;SDIS 76 · règlement opérationnel 2025 · annexe 6;2025-04-14;77;INCENDIE;FEU EN CONTEXTE SIMPLE;FEU SUR VP;Départ type : EP_1;https://www.sdis76.fr/wp-content/uploads/reglement-operationnel.pdf#page=77
76-77-07;SDIS 76 · règlement opérationnel 2025 · annexe 6;2025-04-14;77;INCENDIE;FEU EN CONTEXTE SIMPLE;FEU D’ESPACE NATUREL OU FEU DE VEGETATION;Départ type : EPHR + EPFEN_1;https://www.sdis76.fr/wp-content/uploads/reglement-operationnel.pdf#page=77
76-78-01;SDIS 76 · règlement opérationnel 2025 · annexe 6;2025-04-14;78;INCENDIE;FEU EN CONTEXTE DOMESTIQUE;FEU DANS DES LOCAUX ADMINISTRATIFS / ARTISANAUX;Départ type : EP_1;https://www.sdis76.fr/wp-content/uploads/reglement-operationnel.pdf#page=78
76-78-02;SDIS 76 · règlement opérationnel 2025 · annexe 6;2025-04-14;78;INCENDIE;FEU EN CONTEXTE DOMESTIQUE;FEU DANS DES LOCAUX ADMINISTRATIFS / ARTISANAUX R+3 ET PLUS;Départ type : EP_1+MEA+CDG;https://www.sdis76.fr/wp-content/uploads/reglement-operationnel.pdf#page=78
76-78-03;SDIS 76 · règlement opérationnel 2025 · annexe 6;2025-04-14;78;INCENDIE;FEU EN CONTEXTE DOMESTIQUE;FEU DANS UN ERP;Départ type : EP_1;https://www.sdis76.fr/wp-content/uploads/reglement-operationnel.pdf#page=78
76-78-04;SDIS 76 · règlement opérationnel 2025 · annexe 6;2025-04-14;78;INCENDIE;FEU EN CONTEXTE DOMESTIQUE;FEU DANS UN ERP AVEC PRESENCE DE PUBLIC;Départ type : EP_1+VSUAP+CDG;https://www.sdis76.fr/wp-content/uploads/reglement-operationnel.pdf#page=78
76-78-05;SDIS 76 · règlement opérationnel 2025 · annexe 6;2025-04-14;78;INCENDIE;FEU EN CONTEXTE DOMESTIQUE;FEU DANS UN ERP R+3 ET PLUS;Départ type : EP_1+MEA+CDG;https://www.sdis76.fr/wp-content/uploads/reglement-operationnel.pdf#page=78
76-78-06;SDIS 76 · règlement opérationnel 2025 · annexe 6;2025-04-14;78;INCENDIE;FEU EN CONTEXTE DOMESTIQUE;FEU DANS UN ERP R+3 ET PLUS AVEC PRESENCE DE PUBLIC;Départ type : EP_1+MEA+VSUAP+CDG;https://www.sdis76.fr/wp-content/uploads/reglement-operationnel.pdf#page=78
76-78-07;SDIS 76 · règlement opérationnel 2025 · annexe 6;2025-04-14;78;INCENDIE;FEU EN CONTEXTE DOMESTIQUE;FEU DANS UN IMMEUBLE COLLECTIF;Départ type : EP_1+MEA+CDG;https://www.sdis76.fr/wp-content/uploads/reglement-operationnel.pdf#page=78
76-78-08;SDIS 76 · règlement opérationnel 2025 · annexe 6;2025-04-14;78;INCENDIE;FEU EN CONTEXTE DOMESTIQUE;FEU DE CHEMINEE;Départ type : EP_1;https://www.sdis76.fr/wp-content/uploads/reglement-operationnel.pdf#page=78
76-78-09;SDIS 76 · règlement opérationnel 2025 · annexe 6;2025-04-14;78;INCENDIE;FEU EN CONTEXTE DOMESTIQUE;FEU DE CHEMINEE R+3 ET PLUS;Départ type : EP_1+MEA;https://www.sdis76.fr/wp-content/uploads/reglement-operationnel.pdf#page=78
76-78-10;SDIS 76 · règlement opérationnel 2025 · annexe 6;2025-04-14;78;INCENDIE;FEU EN CONTEXTE DOMESTIQUE;FEU D’HABITATION INDIVIDUELLE;Départ type : EP_1;https://www.sdis76.fr/wp-content/uploads/reglement-operationnel.pdf#page=78
76-78-11;SDIS 76 · règlement opérationnel 2025 · annexe 6;2025-04-14;78;INCENDIE;FEU EN CONTEXTE DOMESTIQUE;FEU D’HABITATION INDIVIDUELLE R+3 ET PLUS;Départ type : EP_1+MEA+CDG;https://www.sdis76.fr/wp-content/uploads/reglement-operationnel.pdf#page=78
76-79-01;SDIS 76 · règlement opérationnel 2025 · annexe 6;2025-04-14;79;INCENDIE;FEU EN CONTEXTE PARTICULIER;FEU D’AVION;Départ type : EP_1+EPHR+CDG;https://www.sdis76.fr/wp-content/uploads/reglement-operationnel.pdf#page=79
76-79-02;SDIS 76 · règlement opérationnel 2025 · annexe 6;2025-04-14;79;INCENDIE;FEU EN CONTEXTE PARTICULIER;FEU DE BATEAU PLAISANCE / NAVIRE;Départ type : EP_1+IBNB_UI+EP+SAV_INT+MOD+REP+CDG+ IBNB3;https://www.sdis76.fr/wp-content/uploads/reglement-operationnel.pdf#page=79
76-79-03;SDIS 76 · règlement opérationnel 2025 · annexe 6;2025-04-14;79;INCENDIE;FEU EN CONTEXTE PARTICULIER;FEU DE BATIMENTS/LOCAUX AGRICOLES;Départ type : EP_1+EP+MDA-MPR+CDG;https://www.sdis76.fr/wp-content/uploads/reglement-operationnel.pdf#page=79
76-79-04;SDIS 76 · règlement opérationnel 2025 · annexe 6;2025-04-14;79;INCENDIE;FEU EN CONTEXTE PARTICULIER;FEU DE CHATEAU;Départ type : EP_1+MEA+EP+MDA-MPR+EPES+CDG;https://www.sdis76.fr/wp-content/uploads/reglement-operationnel.pdf#page=79
76-79-05;SDIS 76 · règlement opérationnel 2025 · annexe 6;2025-04-14;79;INCENDIE;FEU EN CONTEXTE PARTICULIER;FEU DE LOCAUX INDUSTRIELS / ENTREPOTS;Départ type : EP_1+MEA+EP+MDA-MPR+CDG;https://www.sdis76.fr/wp-content/uploads/reglement-operationnel.pdf#page=79
76-79-06;SDIS 76 · règlement opérationnel 2025 · annexe 6;2025-04-14;79;INCENDIE;FEU EN CONTEXTE PARTICULIER;FEU DE SILO;Départ type : EP_1+MEA+EP+MDA-MPR+CDG+RCH3+ USAR3+ ELD_UI;https://www.sdis76.fr/wp-content/uploads/reglement-operationnel.pdf#page=79
76-79-07;SDIS 76 · règlement opérationnel 2025 · annexe 6;2025-04-14;79;INCENDIE;FEU EN CONTEXTE PARTICULIER;FEU DE TRAIN;Départ type : EP_1+EPHR+CDG;https://www.sdis76.fr/wp-content/uploads/reglement-operationnel.pdf#page=79
76-79-08;SDIS 76 · règlement opérationnel 2025 · annexe 6;2025-04-14;79;INCENDIE;FEU EN CONTEXTE PARTICULIER;FEU DE TRANSFORMATEUR;Départ type : EP_1+CDG;https://www.sdis76.fr/wp-content/uploads/reglement-operationnel.pdf#page=79
76-79-09;SDIS 76 · règlement opérationnel 2025 · annexe 6;2025-04-14;79;INCENDIE;FEU EN CONTEXTE PARTICULIER;FEU DE TRANSPORT DE MATIERE DANGEREUSE;Départ type : EP_1+EBS+EPGP+EPEM+EPES+CEEM+RCH_INTER+RCH3+CDG;https://www.sdis76.fr/wp-content/uploads/reglement-operationnel.pdf#page=79
76-79-10;SDIS 76 · règlement opérationnel 2025 · annexe 6;2025-04-14;79;INCENDIE;FEU EN CONTEXTE PARTICULIER;FEU EN PARKING SOUTERRAIN;Départ type : EP_1+MEA+EP+ ELD_UNITE +CDG + RVGD;https://www.sdis76.fr/wp-content/uploads/reglement-operationnel.pdf#page=79
76-79-11;SDIS 76 · règlement opérationnel 2025 · annexe 6;2025-04-14;79;INCENDIE;FEU EN CONTEXTE PARTICULIER;FEU EN CARRIERE OU EN CAVITE SOUTERRAINE;Départ type : EP_1+EP+ELD_UNITE+CDG;https://www.sdis76.fr/wp-content/uploads/reglement-operationnel.pdf#page=79
76-79-12;SDIS 76 · règlement opérationnel 2025 · annexe 6;2025-04-14;79;INCENDIE;FEU EN CONTEXTE PARTICULIER;FEU DANS UN TUNNEL ROUTIER OU FERROVIAIRE;Départ type : EP_1+EP+ ELD_UNITE + RVGD + 2 VSAV + EBS + CDG + Groupe Commandment de colonne + Module d’appui SIC;https://www.sdis76.fr/wp-content/uploads/reglement-operationnel.pdf#page=79
76-79-13;SDIS 76 · règlement opérationnel 2025 · annexe 6;2025-04-14;79;INCENDIE;FEU EN CONTEXTE PARTICULIER;FEU EN CONTEXTE MENACANT;Départ type : EP + VSUAP + SSO + CDG + complément selon le contexte;https://www.sdis76.fr/wp-content/uploads/reglement-operationnel.pdf#page=79
76-80-01;SDIS 76 · règlement opérationnel 2025 · annexe 6;2025-04-14;80;ASSISTANCE A PERSONNES MILIEU NON HOSTILE (PAS DE RISQUE POUR LES SECOURISTES);"ASSISTANCE EN CONTEXTE PARTICULIER (DEPART REFLEXE ""CONTEXTUEL"")";ASSISTANCE POUR RELEVAGE DE PERSONNE A DOMICILE;Départ type : VSUAP (ou KSUP à 3 sur sa zone d’influence);https://www.sdis76.fr/wp-content/uploads/reglement-operationnel.pdf#page=80
76-80-02;SDIS 76 · règlement opérationnel 2025 · annexe 6;2025-04-14;80;ASSISTANCE A PERSONNES MILIEU NON HOSTILE (PAS DE RISQUE POUR LES SECOURISTES);"ASSISTANCE EN CONTEXTE PARTICULIER (DEPART REFLEXE ""CONTEXTUEL"")";ASSISTANCE SUR L’ESPACE PUBLIC HORS URGENCE REFLEXE;Départ type : VSUAP_1;https://www.sdis76.fr/wp-content/uploads/reglement-operationnel.pdf#page=80
76-80-03;SDIS 76 · règlement opérationnel 2025 · annexe 6;2025-04-14;80;ASSISTANCE A PERSONNES MILIEU NON HOSTILE (PAS DE RISQUE POUR LES SECOURISTES);"ASSISTANCE EN CONTEXTE PARTICULIER (DEPART REFLEXE ""CONTEXTUEL"")";ASSISTANCE A PERSONNE NE REPONDANT PAS AUX APPELS;Départ type : MOD;https://www.sdis76.fr/wp-content/uploads/reglement-operationnel.pdf#page=80
76-80-04;SDIS 76 · règlement opérationnel 2025 · annexe 6;2025-04-14;80;ASSISTANCE A PERSONNES MILIEU NON HOSTILE (PAS DE RISQUE POUR LES SECOURISTES);"ASSISTANCE EN CONTEXTE PARTICULIER (DEPART REFLEXE ""CONTEXTUEL"")";ASSISTANCE A PERSONNE VULNERABLE DANS UN ASCENSEUR;Départ type : MOD;https://www.sdis76.fr/wp-content/uploads/reglement-operationnel.pdf#page=80
76-80-05;SDIS 76 · règlement opérationnel 2025 · annexe 6;2025-04-14;80;ASSISTANCE A PERSONNES MILIEU NON HOSTILE (PAS DE RISQUE POUR LES SECOURISTES);"ASSISTANCE EN CONTEXTE PARTICULIER (DEPART REFLEXE ""CONTEXTUEL"")";ASSISTANCE A PERSONNE MENACANT DE SE DEFENESTRER;Départ type : VSUAP_1+EPL+MEA+CDG;https://www.sdis76.fr/wp-content/uploads/reglement-operationnel.pdf#page=80
76-80-06;SDIS 76 · règlement opérationnel 2025 · annexe 6;2025-04-14;80;ASSISTANCE A PERSONNES MILIEU NON HOSTILE (PAS DE RISQUE POUR LES SECOURISTES);"ASSISTANCE EN CONTEXTE PARTICULIER (DEPART REFLEXE ""CONTEXTUEL"")";ASSISTANCE A PERSONNE DEFENESTREE;Départ type : VSUAP_1+EPL+AMU(*)+CDG;https://www.sdis76.fr/wp-content/uploads/reglement-operationnel.pdf#page=80
76-80-07;SDIS 76 · règlement opérationnel 2025 · annexe 6;2025-04-14;80;ASSISTANCE A PERSONNES MILIEU NON HOSTILE (PAS DE RISQUE POUR LES SECOURISTES);"ASSISTANCE EN CONTEXTE PARTICULIER (DEPART REFLEXE ""CONTEXTUEL"")";APPEL E-CALL SANS PRECISION;Départ type : EP_1;https://www.sdis76.fr/wp-content/uploads/reglement-operationnel.pdf#page=80
76-80-08;SDIS 76 · règlement opérationnel 2025 · annexe 6;2025-04-14;80;ASSISTANCE A PERSONNES MILIEU NON HOSTILE (PAS DE RISQUE POUR LES SECOURISTES);"ASSISTANCE D’URGENCE (DEPART REFLEXE ""CLINIQUE"")";ASSISTANCE EN PROMPT SECOURS;Départ type : Cas général : VSUAP_1+AMU(*) Pour les sous-natures ACR et hémorragie :  VSAV + AMU (*) Ou  VSAV + Précurseur SUAP (a) + AMU (*);https://www.sdis76.fr/wp-content/uploads/reglement-operationnel.pdf#page=80
76-81-01;SDIS 76 · règlement opérationnel 2025 · annexe 6;2025-04-14;81;ACCIDENT ET SECOURS D’URGENCE MILIEU HOSTILE (RISQUE IDENTIFIE POUR LES SECOURS);"SECOURS EN CONTEXTE PARTICULIER (DEPART REFLEXE ""CONTEXTUEL"")";SECOURS A PERSONNE ELECTRISEE;Départ type : ESRL+VSUAP_1+AMU(*);https://www.sdis76.fr/wp-content/uploads/reglement-operationnel.pdf#page=81
76-81-02;SDIS 76 · règlement opérationnel 2025 · annexe 6;2025-04-14;81;ACCIDENT ET SECOURS D’URGENCE MILIEU HOSTILE (RISQUE IDENTIFIE POUR LES SECOURS);"SECOURS EN CONTEXTE PARTICULIER (DEPART REFLEXE ""CONTEXTUEL"")";SECOURS A PERSONNE INCARCEREE;Départ type : ESRL+VSUAP_1+AMU(*);https://www.sdis76.fr/wp-content/uploads/reglement-operationnel.pdf#page=81
76-81-03;SDIS 76 · règlement opérationnel 2025 · annexe 6;2025-04-14;81;ACCIDENT ET SECOURS D’URGENCE MILIEU HOSTILE (RISQUE IDENTIFIE POUR LES SECOURS);"SECOURS EN CONTEXTE PARTICULIER (DEPART REFLEXE ""CONTEXTUEL"")";SECOURS A PERSONNE EN CONTEXTE MENACANT;Départ type : VSUAP + complément selon le contexte;https://www.sdis76.fr/wp-content/uploads/reglement-operationnel.pdf#page=81
76-81-04;SDIS 76 · règlement opérationnel 2025 · annexe 6;2025-04-14;81;ACCIDENT ET SECOURS D’URGENCE MILIEU HOSTILE (RISQUE IDENTIFIE POUR LES SECOURS);"SECOURS EN CONTEXTE PARTICULIER (DEPART REFLEXE ""CONTEXTUEL"")";SECOURS A PERSONNE EN MILIEU AQUATIQUE;Départ type : SAV_INT+VSUAP_1+CDG;https://www.sdis76.fr/wp-content/uploads/reglement-operationnel.pdf#page=81
76-81-05;SDIS 76 · règlement opérationnel 2025 · annexe 6;2025-04-14;81;ACCIDENT ET SECOURS D’URGENCE MILIEU HOSTILE (RISQUE IDENTIFIE POUR LES SECOURS);"SECOURS EN CONTEXTE PARTICULIER (DEPART REFLEXE ""CONTEXTUEL"")";SECOURS A PERSONNE EN MILIEU PERILLEUX;Départ type : EPL+VSUAP_1+CDG+SMP_UNITE;https://www.sdis76.fr/wp-content/uploads/reglement-operationnel.pdf#page=81
76-81-06;SDIS 76 · règlement opérationnel 2025 · annexe 6;2025-04-14;81;ACCIDENT ET SECOURS D’URGENCE MILIEU HOSTILE (RISQUE IDENTIFIE POUR LES SECOURS);"SECOURS EN CONTEXTE PARTICULIER (DEPART REFLEXE ""CONTEXTUEL"")";SECOURS A PERSONNE EN PRESENCE D’UNE SUBSTANCE NRBC;Départ type : EPL+VSUAP_1+RAD_INTER+RCH3+CDG;https://www.sdis76.fr/wp-content/uploads/reglement-operationnel.pdf#page=81
76-81-07;SDIS 76 · règlement opérationnel 2025 · annexe 6;2025-04-14;81;ACCIDENT ET SECOURS D’URGENCE MILIEU HOSTILE (RISQUE IDENTIFIE POUR LES SECOURS);"SECOURS EN CONTEXTE PARTICULIER (DEPART REFLEXE ""CONTEXTUEL"")";SECOURS A PERSONNE EN ZONE INONDEE;Départ type : EPHR+VSUAP_1;https://www.sdis76.fr/wp-content/uploads/reglement-operationnel.pdf#page=81
76-82-01;SDIS 76 · règlement opérationnel 2025 · annexe 6;2025-04-14;82;ACCIDENT ET SECOURS D’URGENCE MILIEU HOSTILE (RISQUE IDENTIFIE POUR LES SECOURS);ACCIDENT EN CONTEXTE PARTICULIER (ACCIDENT LIE AU TRANSPORT);ACCIDENT DE CIRCULATION;Départ type : VSUAP_1+EBS;https://www.sdis76.fr/wp-content/uploads/reglement-operationnel.pdf#page=82
76-82-02;SDIS 76 · règlement opérationnel 2025 · annexe 6;2025-04-14;82;ACCIDENT ET SECOURS D’URGENCE MILIEU HOSTILE (RISQUE IDENTIFIE POUR LES SECOURS);ACCIDENT EN CONTEXTE PARTICULIER (ACCIDENT LIE AU TRANSPORT);ACCIDENT DE CIRCULATION AVEC BLESSE GRAVE;Départ type : VSUAP_1+EBS+AMU(*);https://www.sdis76.fr/wp-content/uploads/reglement-operationnel.pdf#page=82
76-82-03;SDIS 76 · règlement opérationnel 2025 · annexe 6;2025-04-14;82;ACCIDENT ET SECOURS D’URGENCE MILIEU HOSTILE (RISQUE IDENTIFIE POUR LES SECOURS);ACCIDENT EN CONTEXTE PARTICULIER (ACCIDENT LIE AU TRANSPORT);ACCIDENT DE CIRCULATION AVEC BLESSE INCARCERE;Départ type : VSUAP_1+ESR+EBS+AMU(*)+CDG;https://www.sdis76.fr/wp-content/uploads/reglement-operationnel.pdf#page=82
76-82-04;SDIS 76 · règlement opérationnel 2025 · annexe 6;2025-04-14;82;ACCIDENT ET SECOURS D’URGENCE MILIEU HOSTILE (RISQUE IDENTIFIE POUR LES SECOURS);ACCIDENT EN CONTEXTE PARTICULIER (ACCIDENT LIE AU TRANSPORT);ACCIDENT DE CIRCULATION IMPLIQUANT DES MATIERES DANGEREUSES;Départ type : VSUAP_1+EBS+EPL+RCH_INTER+CDG;https://www.sdis76.fr/wp-content/uploads/reglement-operationnel.pdf#page=82
76-82-05;SDIS 76 · règlement opérationnel 2025 · annexe 6;2025-04-14;82;ACCIDENT ET SECOURS D’URGENCE MILIEU HOSTILE (RISQUE IDENTIFIE POUR LES SECOURS);ACCIDENT EN CONTEXTE PARTICULIER (ACCIDENT LIE AU TRANSPORT);ACCIDENT D’AVION / AERONEF;Départ type : VSUAP_1+ESR+EBS+AMU(*)+CDG;https://www.sdis76.fr/wp-content/uploads/reglement-operationnel.pdf#page=82
76-82-06;SDIS 76 · règlement opérationnel 2025 · annexe 6;2025-04-14;82;ACCIDENT ET SECOURS D’URGENCE MILIEU HOSTILE (RISQUE IDENTIFIE POUR LES SECOURS);ACCIDENT EN CONTEXTE PARTICULIER (ACCIDENT LIE AU TRANSPORT);ACCIDENT DE NAVIGATION;Départ type : EPL+SAV_INT+VSUAP_1+AMU(*)+CDG;https://www.sdis76.fr/wp-content/uploads/reglement-operationnel.pdf#page=82
76-82-07;SDIS 76 · règlement opérationnel 2025 · annexe 6;2025-04-14;82;ACCIDENT ET SECOURS D’URGENCE MILIEU HOSTILE (RISQUE IDENTIFIE POUR LES SECOURS);ACCIDENT EN CONTEXTE PARTICULIER (ACCIDENT LIE AU TRANSPORT);ACCIDENT SUR VOIE FERREE;Départ type : VSUAP_1+ESR+EPL+EBS+CDG;https://www.sdis76.fr/wp-content/uploads/reglement-operationnel.pdf#page=82
76-83-01;SDIS 76 · règlement opérationnel 2025 · annexe 6;2025-04-14;83;RISQUES;RISQUES TECHNOLOGIQUES ET NATURELS;FUITE DE CARBURANT SUR VEHICULE;Départ type : EPL;https://www.sdis76.fr/wp-content/uploads/reglement-operationnel.pdf#page=83
76-83-02;SDIS 76 · règlement opérationnel 2025 · annexe 6;2025-04-14;83;RISQUES;RISQUES TECHNOLOGIQUES ET NATURELS;FUITE DE GAZ;Départ type : EP_1;https://www.sdis76.fr/wp-content/uploads/reglement-operationnel.pdf#page=83
76-83-03;SDIS 76 · règlement opérationnel 2025 · annexe 6;2025-04-14;83;RISQUES;RISQUES TECHNOLOGIQUES ET NATURELS;FUITE/DEVERSEMENT DE PRODUIT OU MATIERE DANGEREUSE;Départ type : EPL+RCH_INTER+CDG;https://www.sdis76.fr/wp-content/uploads/reglement-operationnel.pdf#page=83
76-83-04;SDIS 76 · règlement opérationnel 2025 · annexe 6;2025-04-14;83;RISQUES;RISQUES TECHNOLOGIQUES ET NATURELS;GLISSEMENT TERRAIN / MARNIERE;Départ type : EPL+CDG;https://www.sdis76.fr/wp-content/uploads/reglement-operationnel.pdf#page=83
76-83-05;SDIS 76 · règlement opérationnel 2025 · annexe 6;2025-04-14;83;RISQUES;RISQUES TECHNOLOGIQUES ET NATURELS;INCIDENT RADIOLOGIQUE;Départ type : EPL+CMIR+CDG;https://www.sdis76.fr/wp-content/uploads/reglement-operationnel.pdf#page=83
76-83-06;SDIS 76 · règlement opérationnel 2025 · annexe 6;2025-04-14;83;RISQUES;RISQUES TECHNOLOGIQUES ET NATURELS;ODEUR SUSPECTE;Départ type : EP _1;https://www.sdis76.fr/wp-content/uploads/reglement-operationnel.pdf#page=83
76-83-07;SDIS 76 · règlement opérationnel 2025 · annexe 6;2025-04-14;83;RISQUES;RISQUES TECHNOLOGIQUES ET NATURELS;OPERATION DE RECONNAISSANCE ET D’EVALUATION;Départ type : CDG+CDC+CDS (dont RCH3);https://www.sdis76.fr/wp-content/uploads/reglement-operationnel.pdf#page=83
76-83-08;SDIS 76 · règlement opérationnel 2025 · annexe 6;2025-04-14;83;RISQUES;RISQUES TECHNOLOGIQUES ET NATURELS;POLLUTION AQUATIQUE;Départ type : EPL+RCH_INTER+RCH3+CDG;https://www.sdis76.fr/wp-content/uploads/reglement-operationnel.pdf#page=83
76-83-09;SDIS 76 · règlement opérationnel 2025 · annexe 6;2025-04-14;83;RISQUES;RISQUES TECHNOLOGIQUES ET NATURELS;SUSPICION/DETECTION CO;Départ type : EP_1+RCH_RECO;https://www.sdis76.fr/wp-content/uploads/reglement-operationnel.pdf#page=83
76-83-10;SDIS 76 · règlement opérationnel 2025 · annexe 6;2025-04-14;83;RISQUES;RISQUES TECHNOLOGIQUES ET NATURELS;SUSPICION/DETECTION CO AVEC VICTIME INTOXIQUEE;Départ type : EP_1+RCH_RECO+VSUAP_1+CDG;https://www.sdis76.fr/wp-content/uploads/reglement-operationnel.pdf#page=83
76-83-11;SDIS 76 · règlement opérationnel 2025 · annexe 6;2025-04-14;83;RISQUES;RISQUES TECHNOLOGIQUES ET NATURELS;CALAMITE NATURELLE (INONDATION /TEMPETE..);Départ type : MOD;https://www.sdis76.fr/wp-content/uploads/reglement-operationnel.pdf#page=83
76-83-12;SDIS 76 · règlement opérationnel 2025 · annexe 6;2025-04-14;83;RISQUES;RISQUES TECHNOLOGIQUES ET NATURELS;EFFONDREMENT DE BATIMENT / STRUCTURE;Départ type : EP_1+ USAR_RECO +CDG;https://www.sdis76.fr/wp-content/uploads/reglement-operationnel.pdf#page=83
76-83-13;SDIS 76 · règlement opérationnel 2025 · annexe 6;2025-04-14;83;RISQUES;PERTURBATION DE LA VIE COURANTE;ASSISTANCE AUX ANIMAUX;Départ type : MOD;https://www.sdis76.fr/wp-content/uploads/reglement-operationnel.pdf#page=83
76-83-14;SDIS 76 · règlement opérationnel 2025 · annexe 6;2025-04-14;83;RISQUES;PERTURBATION DE LA VIE COURANTE;DEGAGEMENT DE LA VOIE PUBLIQUE;Départ type : MOD;https://www.sdis76.fr/wp-content/uploads/reglement-operationnel.pdf#page=83
76-83-15;SDIS 76 · règlement opérationnel 2025 · annexe 6;2025-04-14;83;RISQUES;PERTURBATION DE LA VIE COURANTE;EPUISEMENT DE BATEAU / NAVIRE;Départ type : MOD+REP + IBNB_RECO + SAV_INT + CDG;https://www.sdis76.fr/wp-content/uploads/reglement-operationnel.pdf#page=83
76-83-16;SDIS 76 · règlement opérationnel 2025 · annexe 6;2025-04-14;83;RISQUES;PERTURBATION DE LA VIE COURANTE;RECONNAISSANCE;Départ type : Chef de salle;https://www.sdis76.fr/wp-content/uploads/reglement-operationnel.pdf#page=83
76-84-01;SDIS 76 · règlement opérationnel 2025 · annexe 6;2025-04-14;84;PRESTATION DE SERVICE;A LA DEMANDE D’UN TIERS;DESTRUCTION D’INSECTES;Départ type : Chef de salle;https://www.sdis76.fr/wp-content/uploads/reglement-operationnel.pdf#page=84
76-84-02;SDIS 76 · règlement opérationnel 2025 · annexe 6;2025-04-14;84;PRESTATION DE SERVICE;A LA DEMANDE D’UN TIERS;SERVICE DE SECURITE;Départ type : Chef de salle;https://www.sdis76.fr/wp-content/uploads/reglement-operationnel.pdf#page=84
76-84-03;SDIS 76 · règlement opérationnel 2025 · annexe 6;2025-04-14;84;PRESTATION DE SERVICE;A LA DEMANDE D’UN TIERS;ASSECHEMENT DE LOCAUX/DEGATS DES EAUX;Départ type : Chef de salle;https://www.sdis76.fr/wp-content/uploads/reglement-operationnel.pdf#page=84
76-84-04;SDIS 76 · règlement opérationnel 2025 · annexe 6;2025-04-14;84;PRESTATION DE SERVICE;A LA DEMANDE D’UN TIERS;OUVERTURE DE PORTE A LA DEMANDE D’UN TIERS;Départ type : Chef de salle;https://www.sdis76.fr/wp-content/uploads/reglement-operationnel.pdf#page=84
76-84-05;SDIS 76 · règlement opérationnel 2025 · annexe 6;2025-04-14;84;PRESTATION DE SERVICE;A LA DEMANDE D’UN TIERS;DEGAGEMENT DE PERSONNE DANS UN ASCENSEUR;Départ type : Chef de salle;https://www.sdis76.fr/wp-content/uploads/reglement-operationnel.pdf#page=84
76-84-06;SDIS 76 · règlement opérationnel 2025 · annexe 6;2025-04-14;84;PRESTATION DE SERVICE;APPUI D’UNE MISSION DE SERVICE PUBLIC;CROSS / ASSISTANCE A PERSONNE EN MER PAR HELICOPTERE;Départ type : Chef de salle;https://www.sdis76.fr/wp-content/uploads/reglement-operationnel.pdf#page=84
76-84-07;SDIS 76 · règlement opérationnel 2025 · annexe 6;2025-04-14;84;PRESTATION DE SERVICE;APPUI D’UNE MISSION DE SERVICE PUBLIC;SAMU/ SECOURS MEDICAL D’URGENCE PAR HELICOPTERE;Départ type : Chef de salle;https://www.sdis76.fr/wp-content/uploads/reglement-operationnel.pdf#page=84
76-84-08;SDIS 76 · règlement opérationnel 2025 · annexe 6;2025-04-14;84;PRESTATION DE SERVICE;APPUI D’UNE MISSION DE SERVICE PUBLIC;SAMU / APPUI D’UN MOYEN TECHNIQUE;Départ type : Chef de salle;https://www.sdis76.fr/wp-content/uploads/reglement-operationnel.pdf#page=84
76-84-09;SDIS 76 · règlement opérationnel 2025 · annexe 6;2025-04-14;84;PRESTATION DE SERVICE;APPUI D’UNE MISSION DE SERVICE PUBLIC;CIC/CORG / DECOUVERTE DE MUNITION;Départ type : Chef de salle;https://www.sdis76.fr/wp-content/uploads/reglement-operationnel.pdf#page=84
76-84-10;SDIS 76 · règlement opérationnel 2025 · annexe 6;2025-04-14;84;PRESTATION DE SERVICE;APPUI D’UNE MISSION DE SERVICE PUBLIC;CIC/CORG / ALERTE A LA BOMBE;Départ type : Chef de salle;https://www.sdis76.fr/wp-content/uploads/reglement-operationnel.pdf#page=84
76-84-11;SDIS 76 · règlement opérationnel 2025 · annexe 6;2025-04-14;84;PRESTATION DE SERVICE;APPUI D’UNE MISSION DE SERVICE PUBLIC;CIC/CORG / LEVEE DE DOUTE SUR COLIS NRBC;Départ type : Chef de salle;https://www.sdis76.fr/wp-content/uploads/reglement-operationnel.pdf#page=84
76-84-12;SDIS 76 · règlement opérationnel 2025 · annexe 6;2025-04-14;84;PRESTATION DE SERVICE;APPUI D’UNE MISSION DE SERVICE PUBLIC;SAMU / TRANSFERT INTERHOSPITALIER;Départ type : Chef de salle;https://www.sdis76.fr/wp-content/uploads/reglement-operationnel.pdf#page=84
76-84-13;SDIS 76 · règlement opérationnel 2025 · annexe 6;2025-04-14;84;PRESTATION DE SERVICE;APPUI D’UNE MISSION DE SERVICE PUBLIC;SAMU/ASSISTANCE D’URGENCE REGULEE;Départ type : VSUAP_1;https://www.sdis76.fr/wp-content/uploads/reglement-operationnel.pdf#page=84
76-84-14;SDIS 76 · règlement opérationnel 2025 · annexe 6;2025-04-14;84;PRESTATION DE SERVICE;CARENCE DE SERVICE;SAMU / CARENCE PARTIELLE DE LA PERMANENCE DES SOINS (AIDE AU BRANCARDAGE);Départ type : Chef de salle;https://www.sdis76.fr/wp-content/uploads/reglement-operationnel.pdf#page=84
76-84-15;SDIS 76 · règlement opérationnel 2025 · annexe 6;2025-04-14;84;PRESTATION DE SERVICE;CARENCE DE SERVICE;SAMU / AIDE AU RELEVAGE DE PERSONNE EN ETABLISSEMENT DE SOINS;Départ type : Chef de salle;https://www.sdis76.fr/wp-content/uploads/reglement-operationnel.pdf#page=84
76-84-16;SDIS 76 · règlement opérationnel 2025 · annexe 6;2025-04-14;84;PRESTATION DE SERVICE;CARENCE DE SERVICE;SAMU / CARENCE DE LA PERMANENCE DES SOINS (AMBULANCIERE, MEDECIN,);Départ type : Chef de salle;https://www.sdis76.fr/wp-content/uploads/reglement-operationnel.pdf#page=84
31-43-01;SDIS 31 · règlement opérationnel 2012 · annexe 2;2012-07-16;43;Accidents de la circulation;Aérien;Accident d'avion de ligne - militaire;RURAL : GSAP + GSR + GINC + GCOMCOL | PAVILLON- NAIRE : GSAP + GSR + GINC+ GCOMCOL | URBAIN : GSAP + GSR + GINC+ GFI + GCOMCOL | CENTRE VILLE ANCIEN : GSAP + GSR + GINC+ GFI + GCOMCOL | CENTRE VILLE ANCIEN EPC 18m : GSAP + GSR + GINCR+ GFI + GCOMCOL;https://www.sdis31.fr/sites/default/files/atoms/files/ro_2012.pdf#page=43
31-43-02;SDIS 31 · règlement opérationnel 2012 · annexe 2;2012-07-16;43;Accidents de la circulation;Aérien;Accident d'avion de tourisme - hélicoptère - ULM;RURAL : GSR + FPT + CCF + GCOMCOL | PAVILLON- NAIRE : GSR + FPT + CCF + GCOMCOL | URBAIN : GSR + GINC + GCOMCOL | CENTRE VILLE ANCIEN : GSR + GINC + GCOMCOL | CENTRE VILLE ANCIEN EPC 18m : GSR + GINCR + GCOMCOL;https://www.sdis31.fr/sites/default/files/atoms/files/ro_2012.pdf#page=43
31-43-03;SDIS 31 · règlement opérationnel 2012 · annexe 2;2012-07-16;43;Accidents de la circulation;Ferroviaire;Accident de train de voyageurs - fret;RURAL : GSAP + GSR + CCF + GCOMCOL | PAVILLON- NAIRE : GSAP + GSR + CCF + GCOMCOL | URBAIN : GSAP + GSR + FPT + GCOMCOL | CENTRE VILLE ANCIEN : GSAP + GSR + FPT + GCOMCOL | CENTRE VILLE ANCIEN EPC 18m : GSAP + GSR + FPT + GCOMCOL;https://www.sdis31.fr/sites/default/files/atoms/files/ro_2012.pdf#page=43
31-43-04;SDIS 31 · règlement opérationnel 2012 · annexe 2;2012-07-16;43;Accidents de la circulation;Ferroviaire;Accident ferroviaire de TMD;RURAL : GRCH + 2 FPT + CCF + VSAV + GCOMCOL | PAVILLON- NAIRE : GRCH + 2 FPT + CCF + VSAV + GCOMCOL | URBAIN : GRCH + GINC + VSAV + GCOMCOL | CENTRE VILLE ANCIEN : GRCH + GINC + VSAV + GCOMCOL | CENTRE VILLE ANCIEN EPC 18m : GRCH + GINCR + VSAV + GCOMCOL;https://www.sdis31.fr/sites/default/files/atoms/files/ro_2012.pdf#page=43
31-43-05;SDIS 31 · règlement opérationnel 2012 · annexe 2;2012-07-16;43;Accidents de la circulation;Métro;accident de métro en station;RURAL : Cf départ ETARE | PAVILLON- NAIRE : Cf départ ETARE | URBAIN : Cf départ ETARE | CENTRE VILLE ANCIEN : Cf départ ETARE | CENTRE VILLE ANCIEN EPC 18m : Cf départ ETARE;https://www.sdis31.fr/sites/default/files/atoms/files/ro_2012.pdf#page=43
31-43-06;SDIS 31 · règlement opérationnel 2012 · annexe 2;2012-07-16;43;Accidents de la circulation;Métro;accident de métro en tunnel;RURAL : Cf départ ETARE | PAVILLON- NAIRE : Cf départ ETARE | URBAIN : Cf départ ETARE | CENTRE VILLE ANCIEN : Cf départ ETARE | CENTRE VILLE ANCIEN EPC 18m : Cf départ ETARE;https://www.sdis31.fr/sites/default/files/atoms/files/ro_2012.pdf#page=43
31-43-07;SDIS 31 · règlement opérationnel 2012 · annexe 2;2012-07-16;43;Accidents de la circulation;Tramway;accident de tramway;RURAL : GSR | PAVILLON- NAIRE : GSR | URBAIN : GSR | CENTRE VILLE ANCIEN : GSR | CENTRE VILLE ANCIEN EPC 18m : GSR;https://www.sdis31.fr/sites/default/files/atoms/files/ro_2012.pdf#page=43
31-43-08;SDIS 31 · règlement opérationnel 2012 · annexe 2;2012-07-16;43;Accidents de la circulation;Navigation;Accident de bateau;RURAL : VSAV + VPL + FPT + EMB + VCG | PAVILLON- NAIRE : VSAV + VPL + FPT + EMB + VCG | URBAIN : VSAV + VPL + FPT + EMB + VCG | CENTRE VILLE ANCIEN : VSAV + 2 VPL + FPTL + VCG | CENTRE VILLE ANCIEN EPC 18m : VSAV + 2 VPL + FPTL + VCG;https://www.sdis31.fr/sites/default/files/atoms/files/ro_2012.pdf#page=43
31-43-09;SDIS 31 · règlement opérationnel 2012 · annexe 2;2012-07-16;43;Accidents de la circulation;Navigation;Accident de bateau avec voyageurs;RURAL : GSAP + VPL + FPT + EMB + GCOMCOL | PAVILLON- NAIRE : GSAP + VPL + FPT + EMB + GCOMCOL | URBAIN : GSAP + VPL + FPT + EMB + GCOMCOL | CENTRE VILLE ANCIEN : GSAP + 2 VPL + FPTL + GCOMCOL | CENTRE VILLE ANCIEN EPC 18m : GSAP + 2 VPL + FPTL + GCOMCOL;https://www.sdis31.fr/sites/default/files/atoms/files/ro_2012.pdf#page=43
31-43-10;SDIS 31 · règlement opérationnel 2012 · annexe 2;2012-07-16;43;Accidents de la circulation;Routiers;Accident de circulation sur autoroute avec feu;RURAL : VSAV + VSR + FPT + PROTECTION + CCGC + VCG | PAVILLON- NAIRE : VSAV + VSR + FPT + PROTECTION + CCGC + VCG | URBAIN : VSAV + VSR + FPT + PROTECTION + CCGC + VCG | CENTRE VILLE ANCIEN : VSAV + VSR + FPTL + PROTECTION + CCGC + VCG | CENTRE VILLE ANCIEN EPC 18m : VSAV + VSR + FPTL + PROTECTION + CCGC + VCG;https://www.sdis31.fr/sites/default/files/atoms/files/ro_2012.pdf#page=43
31-43-11;SDIS 31 · règlement opérationnel 2012 · annexe 2;2012-07-16;43;Accidents de la circulation;Routiers;Accident de circulation sur autoroute avec plusieurs VL, PL ou bus;RURAL : GSR + FPT + PROTECTION + VCG | PAVILLON- NAIRE : GSR + FPT + PROTECTION + VCG | URBAIN : GSR + FPT + PROTECTION + VCG | CENTRE VILLE ANCIEN : GSR + FPTL + PROTECTION + VCG | CENTRE VILLE ANCIEN EPC 18m : GSR + FPTL + PROTECTION + VCG;https://www.sdis31.fr/sites/default/files/atoms/files/ro_2012.pdf#page=43
31-43-12;SDIS 31 · règlement opérationnel 2012 · annexe 2;2012-07-16;43;Accidents de la circulation;Routiers;Accident de circulation sur autoroute sans précision;RURAL : VSAV + VSR + PROTECTION + VCG | PAVILLON- NAIRE : VSAV + VSR + PROTECTION + VCG | URBAIN : VSAV + VSR + PROTECTION + VCG | CENTRE VILLE ANCIEN : VSAV + VSR + PROTECTION + VCG | CENTRE VILLE ANCIEN EPC 18m : VSAV + VSR + PROTECTION + VCG;https://www.sdis31.fr/sites/default/files/atoms/files/ro_2012.pdf#page=43
31-43-13;SDIS 31 · règlement opérationnel 2012 · annexe 2;2012-07-16;43;Accidents de la circulation;Routiers;Accident de circulation avec véhicule tombé à l'eau;RURAL : VSAV + VPL + EMB + FPT +VCG | PAVILLON- NAIRE : VSAV + VPL + EMB + FPT +VCG | URBAIN : VSAV + VPL + EMB + FPT +VCG | CENTRE VILLE ANCIEN : VSAV + 2 VPL + FPTL + VCG | CENTRE VILLE ANCIEN EPC 18m : VSAV + 2 VPL + FPTL + VCG;https://www.sdis31.fr/sites/default/files/atoms/files/ro_2012.pdf#page=43
31-44-01;SDIS 31 · règlement opérationnel 2012 · annexe 2;2012-07-16;44;Accidents de la circulation;Routiers;Accident de circulation avec désincarcération;RURAL : VSAV + VSR + VCG | PAVILLON- NAIRE : VSAV + VSR + VCG | URBAIN : VSAV + VSR + VCG | CENTRE VILLE ANCIEN : VSAV + VSR + VCG | CENTRE VILLE ANCIEN EPC 18m : VSAV + VSR + VCG;https://www.sdis31.fr/sites/default/files/atoms/files/ro_2012.pdf#page=44
31-44-02;SDIS 31 · règlement opérationnel 2012 · annexe 2;2012-07-16;44;Accidents de la circulation;Routiers;Accident de circulation nombreuses victimes ou feu;RURAL : GSR + FPT | PAVILLON- NAIRE : GSR + FPT | URBAIN : GSR + FPT | CENTRE VILLE ANCIEN : GSR + FPTL | CENTRE VILLE ANCIEN EPC 18m : GSR + FPTL;https://www.sdis31.fr/sites/default/files/atoms/files/ro_2012.pdf#page=44
31-44-03;SDIS 31 · règlement opérationnel 2012 · annexe 2;2012-07-16;44;Accidents de la circulation;Routiers;Accident de circulation sans précision;RURAL : VSAV + VSR | PAVILLON- NAIRE : VSAV + VSR | URBAIN : VSAV | CENTRE VILLE ANCIEN : VSAV | CENTRE VILLE ANCIEN EPC 18m : VSAV;https://www.sdis31.fr/sites/default/files/atoms/files/ro_2012.pdf#page=44
31-44-04;SDIS 31 · règlement opérationnel 2012 · annexe 2;2012-07-16;44;Accidents de la circulation;Routiers;Accident de circulation avec TMD;RURAL : GRCH + GSR + CCGC + GCOMCOL | PAVILLON- NAIRE : GRCH + GSR + CCGC + GCOMCOL | URBAIN : GRCH + GSR + CCGC + GCOMCOL | CENTRE VILLE ANCIEN : GRCH + GSR + CCGC + GCOMCOL | CENTRE VILLE ANCIEN EPC 18m : GRCH + GSR + CCGC + GCOMCOL;https://www.sdis31.fr/sites/default/files/atoms/files/ro_2012.pdf#page=44
31-44-05;SDIS 31 · règlement opérationnel 2012 · annexe 2;2012-07-16;44;Accidents de la circulation;Routiers;Accident de circulation de bus;RURAL : VSAV + VSR | PAVILLON- NAIRE : VSAV + VSR | URBAIN : VSAV | CENTRE VILLE ANCIEN : VSAV | CENTRE VILLE ANCIEN EPC 18m : VSAV;https://www.sdis31.fr/sites/default/files/atoms/files/ro_2012.pdf#page=44
31-44-06;SDIS 31 · règlement opérationnel 2012 · annexe 2;2012-07-16;44;Incendies;Autres;Alerte à la bombe, colis suspect, découverte d'engin explosif;RURAL : VSAV + FPT + VCG | PAVILLON- NAIRE : VSAV + FPT + VCG | URBAIN : VSAV +FPT + VCG | CENTRE VILLE ANCIEN : VSAV + FPTL + VCG | CENTRE VILLE ANCIEN EPC 18m : VSAV + FPTL + VCG;https://www.sdis31.fr/sites/default/files/atoms/files/ro_2012.pdf#page=44
31-44-07;SDIS 31 · règlement opérationnel 2012 · annexe 2;2012-07-16;44;Incendies;Autres;Autres feux en plein air;RURAL : FPT | PAVILLON- NAIRE : FPT | URBAIN : FPT | CENTRE VILLE ANCIEN : FPTL | CENTRE VILLE ANCIEN EPC 18m : FPTL;https://www.sdis31.fr/sites/default/files/atoms/files/ro_2012.pdf#page=44
31-44-08;SDIS 31 · règlement opérationnel 2012 · annexe 2;2012-07-16;44;Incendies;Autres;Déclenchement d'alarme incendie;RURAL : FPT | PAVILLON- NAIRE : FPT | URBAIN : FPT | CENTRE VILLE ANCIEN : FPTL | CENTRE VILLE ANCIEN EPC 18m : FPTL;https://www.sdis31.fr/sites/default/files/atoms/files/ro_2012.pdf#page=44
31-44-09;SDIS 31 · règlement opérationnel 2012 · annexe 2;2012-07-16;44;Incendies;Autres;Explosion;RURAL : FPT + VSAV + VCG | PAVILLON- NAIRE : 2 FPT + VSAV + VCG | URBAIN : FPT + VSAV + EPA + VCG | CENTRE VILLE ANCIEN : GINC + VSAV | CENTRE VILLE ANCIEN EPC 18m : GINCR + VSAV;https://www.sdis31.fr/sites/default/files/atoms/files/ro_2012.pdf#page=44
31-44-10;SDIS 31 · règlement opérationnel 2012 · annexe 2;2012-07-16;44;Incendies;Autres;Feu de poubelle en plein air;RURAL : FPT | PAVILLON- NAIRE : FPT | URBAIN : FPT | CENTRE VILLE ANCIEN : FPTL | CENTRE VILLE ANCIEN EPC 18m : FPTL;https://www.sdis31.fr/sites/default/files/atoms/files/ro_2012.pdf#page=44
31-44-11;SDIS 31 · règlement opérationnel 2012 · annexe 2;2012-07-16;44;Incendies;Autres;Feu de transfo;RURAL : FPT | PAVILLON- NAIRE : FPT | URBAIN : FPT | CENTRE VILLE ANCIEN : FPTL (consigne St Jory + Vion + Lougnon : RPO) | CENTRE VILLE ANCIEN EPC 18m : FPTL (consigne St Jory + Vion + Lougnon : RPO);https://www.sdis31.fr/sites/default/files/atoms/files/ro_2012.pdf#page=44
31-44-12;SDIS 31 · règlement opérationnel 2012 · annexe 2;2012-07-16;44;Incendies;Autres;Fuite de gaz inflammable;RURAL : FPT | PAVILLON- NAIRE : FPT | URBAIN : FPT | CENTRE VILLE ANCIEN : FPTL | CENTRE VILLE ANCIEN EPC 18m : FPTL;https://www.sdis31.fr/sites/default/files/atoms/files/ro_2012.pdf#page=44
31-44-13;SDIS 31 · règlement opérationnel 2012 · annexe 2;2012-07-16;44;Incendies;Autres;Fuite de gaz inflammable Procédure Renforcée;RURAL : GINC | PAVILLON- NAIRE : GINC | URBAIN : GINC + GSAP + VLD + GCOMCOL | CENTRE VILLE ANCIEN : GINC + GSAP + VLD + GCOMCOL | CENTRE VILLE ANCIEN EPC 18m : GINCR + GSAP + VLD + GCOMCOL;https://www.sdis31.fr/sites/default/files/atoms/files/ro_2012.pdf#page=44
31-45-01;SDIS 31 · règlement opérationnel 2012 · annexe 2;2012-07-16;45;Incendies;Autres;Fumées suspectes / Odeurs de brûlé Jour (8h à 20h);RURAL : FPT | PAVILLON- NAIRE : FPT | URBAIN : FPT | CENTRE VILLE ANCIEN : FPTL | CENTRE VILLE ANCIEN EPC 18m : FPTL;https://www.sdis31.fr/sites/default/files/atoms/files/ro_2012.pdf#page=45
31-45-02;SDIS 31 · règlement opérationnel 2012 · annexe 2;2012-07-16;45;Incendies;Autres;Fumées suspectes / Odeurs de brûlé Nuit (20h à 8h);RURAL : FPT | PAVILLON- NAIRE : FPT | URBAIN : FPT + EPA + VCG | CENTRE VILLE ANCIEN : GINC | CENTRE VILLE ANCIEN EPC 18m : GINCR;https://www.sdis31.fr/sites/default/files/atoms/files/ro_2012.pdf#page=45
31-45-03;SDIS 31 · règlement opérationnel 2012 · annexe 2;2012-07-16;45;Incendies;Etablissements recevant du public;Feu dans un ERP sans locaux à sommeil;RURAL : FPT + FPT + CCGC + VCG | PAVILLON- NAIRE : 2 FPT + VCG | URBAIN : GINC | CENTRE VILLE ANCIEN : GINC + EPC32 | CENTRE VILLE ANCIEN EPC 18m : GINCR + EPC32;https://www.sdis31.fr/sites/default/files/atoms/files/ro_2012.pdf#page=45
31-45-04;SDIS 31 · règlement opérationnel 2012 · annexe 2;2012-07-16;45;Incendies;Etablissements recevant du public;Feu dans un ERP avec locaux à sommeil Jour (8h à 20h);RURAL : FPT + FPT + CCGC + VSAV + VCG | PAVILLON- NAIRE : FPT + FPT + VSAV + VCG | URBAIN : GINC + VSAV | CENTRE VILLE ANCIEN : GINC + EPC32 + VSAV | CENTRE VILLE ANCIEN EPC 18m : GINCR + EPC32 + VSAV;https://www.sdis31.fr/sites/default/files/atoms/files/ro_2012.pdf#page=45
31-45-05;SDIS 31 · règlement opérationnel 2012 · annexe 2;2012-07-16;45;Incendies;Etablissements recevant du public;Feu dans un ERP avec locaux à sommeil Nuit (20h à 8h);RURAL : GINC + VSAV + CCGC + GCOMCOL | PAVILLON- NAIRE : GINC + VSAV + GCOMCOL | URBAIN : GINC + 2 VSAV + GCOMCOL | CENTRE VILLE ANCIEN : GINC + EPC32 + 2 VSAV + GCOMCOL | CENTRE VILLE ANCIEN EPC 18m : GINCR + EPC32 + 2 VSAV + GCOMCOL;https://www.sdis31.fr/sites/default/files/atoms/files/ro_2012.pdf#page=45
31-45-06;SDIS 31 · règlement opérationnel 2012 · annexe 2;2012-07-16;45;Incendies;Etablissements recevant du public;Feu de parking ERP en sous-sol;RURAL : 2 FPT + CCGC + VCG | PAVILLON- NAIRE : 2 FPT + VCG | URBAIN : GINC + VEV | CENTRE VILLE ANCIEN : GINC + FPT + VEV + GCOMCOL | CENTRE VILLE ANCIEN EPC 18m : GINCR + FPT + VEV + GCOMCOL;https://www.sdis31.fr/sites/default/files/atoms/files/ro_2012.pdf#page=45
31-45-07;SDIS 31 · règlement opérationnel 2012 · annexe 2;2012-07-16;45;Incendies;Habitations;Autre feu dans une habitation (compteur élec.);RURAL : FPT | PAVILLON- NAIRE : FPT | URBAIN : FPT | CENTRE VILLE ANCIEN : FPTL | CENTRE VILLE ANCIEN EPC 18m : FPTL;https://www.sdis31.fr/sites/default/files/atoms/files/ro_2012.pdf#page=45
31-45-08;SDIS 31 · règlement opérationnel 2012 · annexe 2;2012-07-16;45;Incendies;Habitations;Feu d'appartement ou parties communes;RURAL : FPT + CCGC + VCG | PAVILLON- NAIRE : 2 FPT + VCG | URBAIN : GINC + VSAV | CENTRE VILLE ANCIEN : GINC + VSAV | CENTRE VILLE ANCIEN EPC 18m : GINCR + VSAV;https://www.sdis31.fr/sites/default/files/atoms/files/ro_2012.pdf#page=45
31-45-09;SDIS 31 · règlement opérationnel 2012 · annexe 2;2012-07-16;45;Incendies;Habitations;Feu de cheminée;RURAL : FPT | PAVILLON- NAIRE : FPT | URBAIN : FPT | CENTRE VILLE ANCIEN : FPTL | CENTRE VILLE ANCIEN EPC 18m : FPTL;https://www.sdis31.fr/sites/default/files/atoms/files/ro_2012.pdf#page=45
31-45-10;SDIS 31 · règlement opérationnel 2012 · annexe 2;2012-07-16;45;Incendies;Habitations;Feu de locaux communs (cage d’escalier, vide- ordure, caves, chaufferie);RURAL : FPT + CCGC + VCG | PAVILLON- NAIRE : 2 FPT + VCG | URBAIN : GINC + VSAV | CENTRE VILLE ANCIEN : GINC + EPC32 + VSAV + GCOMCOL | CENTRE VILLE ANCIEN EPC 18m : GINCR + EPC32 + VSAV;https://www.sdis31.fr/sites/default/files/atoms/files/ro_2012.pdf#page=45
31-45-11;SDIS 31 · règlement opérationnel 2012 · annexe 2;2012-07-16;45;Incendies;Habitations;Feu de maison;RURAL : FPT + CCGC + VCG | PAVILLON- NAIRE : 2 FPT + VCG | URBAIN : GINC | CENTRE VILLE ANCIEN : GINC | CENTRE VILLE ANCIEN EPC 18m : GINCR;https://www.sdis31.fr/sites/default/files/atoms/files/ro_2012.pdf#page=45
31-45-12;SDIS 31 · règlement opérationnel 2012 · annexe 2;2012-07-16;45;Incendies;Habitations;Feu de parking habitation en sous- sol;RURAL : 2 FPT + CCGC + VCG | PAVILLON- NAIRE : 2 FPT + VCG | URBAIN : GINC + VGD | CENTRE VILLE ANCIEN : GINC + FPT +VGD GCOMCOL | CENTRE VILLE ANCIEN EPC 18m : GINCR + FPT + VGD + GCOMCOL;https://www.sdis31.fr/sites/default/files/atoms/files/ro_2012.pdf#page=45
31-45-13;SDIS 31 · règlement opérationnel 2012 · annexe 2;2012-07-16;45;Incendies;Etablissements recevant du public;Feu de bureaux;RURAL : FPT + CCGC + VCG | PAVILLON- NAIRE : 2 FPT + VCG | URBAIN : GINC | CENTRE VILLE ANCIEN : GINC + EPC32 | CENTRE VILLE ANCIEN EPC 18m : GINCR + EPC32;https://www.sdis31.fr/sites/default/files/atoms/files/ro_2012.pdf#page=45
31-45-14;SDIS 31 · règlement opérationnel 2012 · annexe 2;2012-07-16;45;Incendies;Locaux industriels et entrepôts;Feu de bâtiment agricole;RURAL : GINC + CCGC | PAVILLON- NAIRE : GINC | URBAIN : GINC | CENTRE VILLE ANCIEN : GINC | CENTRE VILLE ANCIEN EPC 18m : GINCR;https://www.sdis31.fr/sites/default/files/atoms/files/ro_2012.pdf#page=45
31-45-15;SDIS 31 · règlement opérationnel 2012 · annexe 2;2012-07-16;45;Incendies;Etablissements recevant du public;Feu de boutique - bar - restaurant;RURAL : FPT + CCGC + VCG | PAVILLON- NAIRE : 2 FPT + VCG | URBAIN : GINC | CENTRE VILLE ANCIEN : GINC + EPC32 | CENTRE VILLE ANCIEN EPC 18m : GINCR + EPC32;https://www.sdis31.fr/sites/default/files/atoms/files/ro_2012.pdf#page=45
31-46-01;SDIS 31 · règlement opérationnel 2012 · annexe 2;2012-07-16;46;Incendies;Locaux industriels et entrepôts;Feu d'atelier - local artisanal;RURAL : FPT + CCGC + VCG | PAVILLON- NAIRE : 2 FPT + VCG | URBAIN : GINC | CENTRE VILLE ANCIEN : GINC + EPC32 | CENTRE VILLE ANCIEN EPC 18m : GINCR + EPC32;https://www.sdis31.fr/sites/default/files/atoms/files/ro_2012.pdf#page=46
31-46-02;SDIS 31 · règlement opérationnel 2012 · annexe 2;2012-07-16;46;Incendies;Locaux industriels et entrepôts;Feu d'entrepôt /de local industriel;RURAL : GINC + GALIM + GCOMCOL | PAVILLON- NAIRE : GINC + GALIM + GCOMCOL | URBAIN : GINC + GALIM + GCOMCOL | CENTRE VILLE ANCIEN : GINC + GALIM + GCOMCOL | CENTRE VILLE ANCIEN EPC 18m : GINCR + GALIM + GCOMCOL;https://www.sdis31.fr/sites/default/files/atoms/files/ro_2012.pdf#page=46
31-46-03;SDIS 31 · règlement opérationnel 2012 · annexe 2;2012-07-16;46;Incendies;Végétations;Feu de chaumes ou de récoltes sur pieds (feu de culture);RURAL : Cf niveaux Griffon | PAVILLON- NAIRE : Cf niveaux Griffon | URBAIN : Cf niveaux Griffon | CENTRE VILLE ANCIEN : FPT | CENTRE VILLE ANCIEN EPC 18m : FPT;https://www.sdis31.fr/sites/default/files/atoms/files/ro_2012.pdf#page=46
31-46-04;SDIS 31 · règlement opérationnel 2012 · annexe 2;2012-07-16;46;Incendies;Végétations;Feu d’herbes ou de broussailles (y compris feu de landes, maquis);RURAL : Cf niveaux Griffon | PAVILLON- NAIRE : Cf niveaux Griffon | URBAIN : Cf niveaux Griffon | CENTRE VILLE ANCIEN : FPT | CENTRE VILLE ANCIEN EPC 18m : FPT;https://www.sdis31.fr/sites/default/files/atoms/files/ro_2012.pdf#page=46
31-46-05;SDIS 31 · règlement opérationnel 2012 · annexe 2;2012-07-16;46;Incendies;Végétations;Feu de forêt ou bois;RURAL : Cf niveaux Griffon | PAVILLON- NAIRE : Cf niveaux Griffon | URBAIN : Cf niveaux Griffon | CENTRE VILLE ANCIEN : FPT | CENTRE VILLE ANCIEN EPC 18m : FPT;https://www.sdis31.fr/sites/default/files/atoms/files/ro_2012.pdf#page=46
31-46-06;SDIS 31 · règlement opérationnel 2012 · annexe 2;2012-07-16;46;Incendies;Véhicules de transport;Feu d'avion de ligne - militaire;RURAL : GINC + GSR + GFI + GCOMCOL | PAVILLON- NAIRE : GINC + GSR + GFI + GCOMCOL | URBAIN : GINC + GSR + GFI + GCOMCOL | CENTRE VILLE ANCIEN : GINC + GSR + GFI + GCOMCOL | CENTRE VILLE ANCIEN EPC 18m : GINCR + GSR + GFI + GCOMCOL;https://www.sdis31.fr/sites/default/files/atoms/files/ro_2012.pdf#page=46
31-46-07;SDIS 31 · règlement opérationnel 2012 · annexe 2;2012-07-16;46;Incendies;Véhicules de transport;Feu d'avion de tourisme - hélicoptère - ULM;RURAL : FPT + CCGC + VSAV +VCG | PAVILLON- NAIRE : FPT + CCGC + VSAV +VCG | URBAIN : FPT + CCGC + VSAV +VCG | CENTRE VILLE ANCIEN : GINC + VSAV +VCG | CENTRE VILLE ANCIEN EPC 18m : GINCR + VSAV +VCG;https://www.sdis31.fr/sites/default/files/atoms/files/ro_2012.pdf#page=46
31-46-08;SDIS 31 · règlement opérationnel 2012 · annexe 2;2012-07-16;46;Incendies;Véhicules de transport;Feu de bateau ou péniche;RURAL : FPT + MPR + VSAV + VCG | PAVILLON- NAIRE : FPT + MPR + VSAV + VCG | URBAIN : FPT + MPR +VPL + VSAV + VCG | CENTRE VILLE ANCIEN : FPTL + MPR + VSAV + VPL + VCG | CENTRE VILLE ANCIEN EPC 18m : FPTL + MPR + VSAV + VPL + VCG;https://www.sdis31.fr/sites/default/files/atoms/files/ro_2012.pdf#page=46
31-46-09;SDIS 31 · règlement opérationnel 2012 · annexe 2;2012-07-16;46;Incendies;Véhicules de transport;Feu de métro en station;RURAL : Cf départ ETARE | PAVILLON- NAIRE : Cf départ ETARE | URBAIN : Cf départ ETARE | CENTRE VILLE ANCIEN : Cf départ ETARE | CENTRE VILLE ANCIEN EPC 18m : Cf départ ETARE;https://www.sdis31.fr/sites/default/files/atoms/files/ro_2012.pdf#page=46
31-46-10;SDIS 31 · règlement opérationnel 2012 · annexe 2;2012-07-16;46;Incendies;Véhicules de transport;Feu de métro en tunnel;RURAL : Cf départ ETARE | PAVILLON- NAIRE : Cf départ ETARE | URBAIN : Cf départ ETARE | CENTRE VILLE ANCIEN : Cf départ ETARE | CENTRE VILLE ANCIEN EPC 18m : Cf départ ETARE;https://www.sdis31.fr/sites/default/files/atoms/files/ro_2012.pdf#page=46
31-46-11;SDIS 31 · règlement opérationnel 2012 · annexe 2;2012-07-16;46;Incendies;Véhicules de transport;Feu de poids lourd;RURAL : FPT + CCGC + VCG | PAVILLON- NAIRE : FPT | URBAIN : FPT | CENTRE VILLE ANCIEN : FPTL + FPT + VCG | CENTRE VILLE ANCIEN EPC 18m : FPTL + FPT + VCG;https://www.sdis31.fr/sites/default/files/atoms/files/ro_2012.pdf#page=46
31-46-12;SDIS 31 · règlement opérationnel 2012 · annexe 2;2012-07-16;46;Incendies;Véhicules de transport;Feu de véhicule agricole;RURAL : CCF + FPT + VCG | PAVILLON- NAIRE : CCF + FPT + VCG | URBAIN : CCF + FPT + VCG | CENTRE VILLE ANCIEN : CCF + FPTL + VCG | CENTRE VILLE ANCIEN EPC 18m : CCF + FPTL + VCG;https://www.sdis31.fr/sites/default/files/atoms/files/ro_2012.pdf#page=46
31-46-13;SDIS 31 · règlement opérationnel 2012 · annexe 2;2012-07-16;46;Incendies;Véhicules de transport;Feu de poids lourd TMD;RURAL : FPT + CCGC + GRCH + GCOMCOL | PAVILLON- NAIRE : FPT + GRCH + GCOMCOL | URBAIN : FPT + GRCH + GCOMCOL | CENTRE VILLE ANCIEN : FPTL + FPT + GRCH + GCOMCOL | CENTRE VILLE ANCIEN EPC 18m : FPTL + FPT + GRCH + GCOMCOL;https://www.sdis31.fr/sites/default/files/atoms/files/ro_2012.pdf#page=46
31-46-14;SDIS 31 · règlement opérationnel 2012 · annexe 2;2012-07-16;46;Incendies;Véhicules de transport;Feu de bus / Car / Tramway;RURAL : FPT + CCGC + VSAV + VCG | PAVILLON- NAIRE : FPT + VSAV + VCG | URBAIN : FPT + VSAV + VCG | CENTRE VILLE ANCIEN : FPTL + FPT + VSAV + VCG | CENTRE VILLE ANCIEN EPC 18m : FPTL + FPT + VSAV + VCG;https://www.sdis31.fr/sites/default/files/atoms/files/ro_2012.pdf#page=46
31-46-15;SDIS 31 · règlement opérationnel 2012 · annexe 2;2012-07-16;46;Incendies;Véhicules de transport;Feu de train;RURAL : FPT + 2 CCF + VSAV + VCG | PAVILLON- NAIRE : FPT + 2 CCF + VSAV + VCG | URBAIN : FPT + 2 CCF + VSAV + VCG | CENTRE VILLE ANCIEN : GINC + VSAV + VCG | CENTRE VILLE ANCIEN EPC 18m : GINCR + VSAV + VCG;https://www.sdis31.fr/sites/default/files/atoms/files/ro_2012.pdf#page=46
31-46-16;SDIS 31 · règlement opérationnel 2012 · annexe 2;2012-07-16;46;Incendies;Véhicules de transport;Feu de véhicule léger / 2 roues;RURAL : FPT | PAVILLON- NAIRE : FPT | URBAIN : FPT | CENTRE VILLE ANCIEN : FPTL | CENTRE VILLE ANCIEN EPC 18m : FPTL;https://www.sdis31.fr/sites/default/files/atoms/files/ro_2012.pdf#page=46
31-47-01;SDIS 31 · règlement opérationnel 2012 · annexe 2;2012-07-16;47;Opérations diverses;animaux;Assistance aux animaux (sauvetage, capture…);RURAL : VID | PAVILLON- NAIRE : VID | URBAIN : VID | CENTRE VILLE ANCIEN : VID | CENTRE VILLE ANCIEN EPC 18m : VID;https://www.sdis31.fr/sites/default/files/atoms/files/ro_2012.pdf#page=47
31-47-02;SDIS 31 · règlement opérationnel 2012 · annexe 2;2012-07-16;47;Opérations diverses;animaux;Destruction d'hyménoptères;RURAL : VID | PAVILLON- NAIRE : VID | URBAIN : VID | CENTRE VILLE ANCIEN : VID | CENTRE VILLE ANCIEN EPC 18m : VID;https://www.sdis31.fr/sites/default/files/atoms/files/ro_2012.pdf#page=47
31-47-03;SDIS 31 · règlement opérationnel 2012 · annexe 2;2012-07-16;47;Opérations diverses;Autres opérations diverses;Dégagement de voie fluviale;RURAL : VPL | PAVILLON- NAIRE : VPL | URBAIN : VPL | CENTRE VILLE ANCIEN : VPL | CENTRE VILLE ANCIEN EPC 18m : VPL;https://www.sdis31.fr/sites/default/files/atoms/files/ro_2012.pdf#page=47
31-47-04;SDIS 31 · règlement opérationnel 2012 · annexe 2;2012-07-16;47;Opérations diverses;Autres opérations diverses;Effondrement de bâtiment;RURAL : GSD (sans cynos) + GSAP + FPT + GCOMCOL | PAVILLON- NAIRE : GSD (sans cynos) + GSAP + FPT + GCOMCOL | URBAIN : GSD (sans cynos) + GSAP + FPT + GCOMCOL | CENTRE VILLE ANCIEN : GSD (sans cynos) + GSAP + FPTL + GCOMCOL | CENTRE VILLE ANCIEN EPC 18m : GSD (sans cynos) + GSAP + FPTL + GCOMCOL;https://www.sdis31.fr/sites/default/files/atoms/files/ro_2012.pdf#page=47
31-47-05;SDIS 31 · règlement opérationnel 2012 · annexe 2;2012-07-16;47;Opérations diverses;Autres opérations diverses;Départ UD;RURAL : Cas par cas | PAVILLON- NAIRE : Cas par cas | URBAIN : Cas par cas | CENTRE VILLE ANCIEN : Cas par cas | CENTRE VILLE ANCIEN EPC 18m : Cas par cas;https://www.sdis31.fr/sites/default/files/atoms/files/ro_2012.pdf#page=47
31-47-06;SDIS 31 · règlement opérationnel 2012 · annexe 2;2012-07-16;47;Opérations diverses;Autres opérations diverses;Déplacement de véhicule / Stage / Sport;RURAL : Cas par cas | PAVILLON- NAIRE : Cas par cas | URBAIN : Cas par cas | CENTRE VILLE ANCIEN : Cas par cas | CENTRE VILLE ANCIEN EPC 18m : Cas par cas;https://www.sdis31.fr/sites/default/files/atoms/files/ro_2012.pdf#page=47
31-47-07;SDIS 31 · règlement opérationnel 2012 · annexe 2;2012-07-16;47;Opérations diverses;Autres opérations diverses;Dépannage;RURAL : VL MECA | PAVILLON- NAIRE : VL MECA | URBAIN : VL MECA | CENTRE VILLE ANCIEN : VL MECA | CENTRE VILLE ANCIEN EPC 18m : VL MECA;https://www.sdis31.fr/sites/default/files/atoms/files/ro_2012.pdf#page=47
31-47-08;SDIS 31 · règlement opérationnel 2012 · annexe 2;2012-07-16;47;Opérations diverses;Autres opérations diverses;Essai;RURAL : Cas par cas | PAVILLON- NAIRE : Cas par cas | URBAIN : Cas par cas | CENTRE VILLE ANCIEN : Cas par cas | CENTRE VILLE ANCIEN EPC 18m : Cas par cas;https://www.sdis31.fr/sites/default/files/atoms/files/ro_2012.pdf#page=47
31-47-09;SDIS 31 · règlement opérationnel 2012 · annexe 2;2012-07-16;47;Opérations diverses;Autres opérations diverses;Manœuvres et exercices;RURAL : Cas par cas | PAVILLON- NAIRE : Cas par cas | URBAIN : Cas par cas | CENTRE VILLE ANCIEN : Cas par cas | CENTRE VILLE ANCIEN EPC 18m : Cas par cas;https://www.sdis31.fr/sites/default/files/atoms/files/ro_2012.pdf#page=47
31-47-10;SDIS 31 · règlement opérationnel 2012 · annexe 2;2012-07-16;47;Opérations diverses;Autres opérations diverses;Recouverture secteur;RURAL : Cas par cas | PAVILLON- NAIRE : Cas par cas | URBAIN : Cas par cas | CENTRE VILLE ANCIEN : Cas par cas | CENTRE VILLE ANCIEN EPC 18m : Cas par cas;https://www.sdis31.fr/sites/default/files/atoms/files/ro_2012.pdf#page=47
31-47-11;SDIS 31 · règlement opérationnel 2012 · annexe 2;2012-07-16;47;Opérations diverses;Autres opérations diverses;Service de sécurité;RURAL : Cas par cas | PAVILLON- NAIRE : Cas par cas | URBAIN : Cas par cas | CENTRE VILLE ANCIEN : Cas par cas | CENTRE VILLE ANCIEN EPC 18m : Cas par cas;https://www.sdis31.fr/sites/default/files/atoms/files/ro_2012.pdf#page=47
31-47-12;SDIS 31 · règlement opérationnel 2012 · annexe 2;2012-07-16;47;Opérations diverses;Personnes;Personne bloquée dans un ascenseur;RURAL : FPT | PAVILLON- NAIRE : FPT | URBAIN : FPT | CENTRE VILLE ANCIEN : FPTL | CENTRE VILLE ANCIEN EPC 18m : FPTL;https://www.sdis31.fr/sites/default/files/atoms/files/ro_2012.pdf#page=47
31-47-13;SDIS 31 · règlement opérationnel 2012 · annexe 2;2012-07-16;47;Opérations diverses;Prévention d’accident / Reconnaissance;Bâchage;RURAL : VID | PAVILLON- NAIRE : VID | URBAIN : VID | CENTRE VILLE ANCIEN : VID | CENTRE VILLE ANCIEN EPC 18m : VID;https://www.sdis31.fr/sites/default/files/atoms/files/ro_2012.pdf#page=47
31-47-14;SDIS 31 · règlement opérationnel 2012 · annexe 2;2012-07-16;47;Opérations diverses;Prévention d'accident / Reconnaissance;Chute de ligne électrique;RURAL : FPT | PAVILLON- NAIRE : FPT | URBAIN : FPT | CENTRE VILLE ANCIEN : FPTL | CENTRE VILLE ANCIEN EPC 18m : FPTL;https://www.sdis31.fr/sites/default/files/atoms/files/ro_2012.pdf#page=47
31-47-15;SDIS 31 · règlement opérationnel 2012 · annexe 2;2012-07-16;47;Opérations diverses;Prévention d'accident / Reconnaissance;Chute d'arbre - haubanage;RURAL : VID | PAVILLON- NAIRE : VID | URBAIN : VID | CENTRE VILLE ANCIEN : VID | CENTRE VILLE ANCIEN EPC 18m : VID;https://www.sdis31.fr/sites/default/files/atoms/files/ro_2012.pdf#page=47
31-47-16;SDIS 31 · règlement opérationnel 2012 · annexe 2;2012-07-16;47;Opérations diverses;Prévention d'accident / Reconnaissance;Fuite d'essence sur véhicule;RURAL : FPT | PAVILLON- NAIRE : FPT | URBAIN : FPT | CENTRE VILLE ANCIEN : FPTL | CENTRE VILLE ANCIEN EPC 18m : FPTL;https://www.sdis31.fr/sites/default/files/atoms/files/ro_2012.pdf#page=47
31-47-17;SDIS 31 · règlement opérationnel 2012 · annexe 2;2012-07-16;47;Opérations diverses;Autres opérations diverses;Inondation - Epuisement;RURAL : VID | PAVILLON- NAIRE : VID | URBAIN : VID | CENTRE VILLE ANCIEN : VID | CENTRE VILLE ANCIEN EPC 18m : VID;https://www.sdis31.fr/sites/default/files/atoms/files/ro_2012.pdf#page=47
31-48-01;SDIS 31 · règlement opérationnel 2012 · annexe 2;2012-07-16;48;Opérations diverses;Prévention d'accident / Reconnaissance;Matériaux menaçant ruine;RURAL : VID | PAVILLON- NAIRE : VID | URBAIN : VID | CENTRE VILLE ANCIEN : VID | CENTRE VILLE ANCIEN EPC 18m : VID;https://www.sdis31.fr/sites/default/files/atoms/files/ro_2012.pdf#page=48
31-48-02;SDIS 31 · règlement opérationnel 2012 · annexe 2;2012-07-16;48;Opérations diverses;Prévention d'accident / Reconnaissance;Menace d'effondrement de bâtiment;RURAL : FPT +GSD (sans cynos) + VCG | PAVILLON- NAIRE : FPT +GSD (sans cynos) + VCG | URBAIN : FPT +GSD (sans cynos) + VCG | CENTRE VILLE ANCIEN : FPTL +GSD (sans cynos) + VCG | CENTRE VILLE ANCIEN EPC 18m : FPTL +GSD (sans cynos) + VCG;https://www.sdis31.fr/sites/default/files/atoms/files/ro_2012.pdf#page=48
31-48-03;SDIS 31 · règlement opérationnel 2012 · annexe 2;2012-07-16;48;Opérations diverses;Autres opérations diverses;Recherche de personne;RURAL : VCG + VLCYNO | PAVILLON- NAIRE : VCG + VLCYNO | URBAIN : VCG + VLCYNO | CENTRE VILLE ANCIEN : VCG + VLCYNO | CENTRE VILLE ANCIEN EPC 18m : VCG + VLCYNO;https://www.sdis31.fr/sites/default/files/atoms/files/ro_2012.pdf#page=48
31-48-04;SDIS 31 · règlement opérationnel 2012 · annexe 2;2012-07-16;48;Opérations diverses;Prévention d'accident / Reconnaissance;Reconnaissance;RURAL : VL | PAVILLON- NAIRE : VL | URBAIN : VL | CENTRE VILLE ANCIEN : VL | CENTRE VILLE ANCIEN EPC 18m : VL;https://www.sdis31.fr/sites/default/files/atoms/files/ro_2012.pdf#page=48
31-48-05;SDIS 31 · règlement opérationnel 2012 · annexe 2;2012-07-16;48;Opérations diverses;Risques technologiques;Incident radiologique;RURAL : GRAD + FPT + VCG | PAVILLON- NAIRE : GRAD + FPT + VCG | URBAIN : GRAD + FPT + VCG | CENTRE VILLE ANCIEN : GRAD + FPTL + VCG | CENTRE VILLE ANCIEN EPC 18m : GRAD + FPTL + VCG;https://www.sdis31.fr/sites/default/files/atoms/files/ro_2012.pdf#page=48
31-48-06;SDIS 31 · règlement opérationnel 2012 · annexe 2;2012-07-16;48;Opérations diverses;Risques technologiques;Fuite de produit chimique;RURAL : GRCH + FPT + VCG | PAVILLON- NAIRE : GRCH + FPT + VCG | URBAIN : GRCH + FPT + VCG | CENTRE VILLE ANCIEN : GRCH + FPTL + VCG | CENTRE VILLE ANCIEN EPC 18m : GRCH + FPTL + VCG;https://www.sdis31.fr/sites/default/files/atoms/files/ro_2012.pdf#page=48
31-48-07;SDIS 31 · règlement opérationnel 2012 · annexe 2;2012-07-16;48;Opérations diverses;Risques technologiques;Pollution;RURAL : VLD + CEPOL + FPT + VCG | PAVILLON- NAIRE : VLD + CEPOL + FPT + VCG | URBAIN : VLD + CEPOL + FPT + VCG | CENTRE VILLE ANCIEN : VLD + CEPOL + FPTL + VCG | CENTRE VILLE ANCIEN EPC 18m : VLD + CEPOL + FPTL + VCG;https://www.sdis31.fr/sites/default/files/atoms/files/ro_2012.pdf#page=48
31-48-08;SDIS 31 · règlement opérationnel 2012 · annexe 2;2012-07-16;48;Opérations diverses;Risques technologiques;Odeurs suspectes;RURAL : FPT | PAVILLON- NAIRE : FPT | URBAIN : FPT | CENTRE VILLE ANCIEN : FPTL | CENTRE VILLE ANCIEN EPC 18m : FPTL;https://www.sdis31.fr/sites/default/files/atoms/files/ro_2012.pdf#page=48
31-48-09;SDIS 31 · règlement opérationnel 2012 · annexe 2;2012-07-16;48;Secours à personnes;Autolyses;Menace de se jeter dans l'eau;RURAL : VSAV + VPL + VCG | PAVILLON- NAIRE : VSAV + VPL + VCG | URBAIN : VSAV + VPL + EMB + VCG | CENTRE VILLE ANCIEN : VSAV + 2 VPL + VCG | CENTRE VILLE ANCIEN EPC 18m : VSAV + 2 VPL + VCG;https://www.sdis31.fr/sites/default/files/atoms/files/ro_2012.pdf#page=48
31-48-10;SDIS 31 · règlement opérationnel 2012 · annexe 2;2012-07-16;48;Secours à personnes;Autolyses;Menace de se jeter d'une hauteur;RURAL : FPT + VSAV + EPA + VCG | PAVILLON- NAIRE : FPT + VSAV + EPA + VCG | URBAIN : FPT + VSAV + EPA + VCG | CENTRE VILLE ANCIEN : FPTL + VSAV + EPA + VCG | CENTRE VILLE ANCIEN EPC 18m : FPTL + VSAV + EPA + VCG;https://www.sdis31.fr/sites/default/files/atoms/files/ro_2012.pdf#page=48
31-48-11;SDIS 31 · règlement opérationnel 2012 · annexe 2;2012-07-16;48;Secours à personnes;Autolyses;Tentative d'autolyse;RURAL : VSAV | PAVILLON- NAIRE : VSAV | URBAIN : VSAV | CENTRE VILLE ANCIEN : VSAV | CENTRE VILLE ANCIEN EPC 18m : VSAV;https://www.sdis31.fr/sites/default/files/atoms/files/ro_2012.pdf#page=48
31-48-12;SDIS 31 · règlement opérationnel 2012 · annexe 2;2012-07-16;48;Secours à personnes;Autres assistances;Accouchement;RURAL : VSAV | PAVILLON- NAIRE : VSAV | URBAIN : VSAV | CENTRE VILLE ANCIEN : VSAV | CENTRE VILLE ANCIEN EPC 18m : VSAV;https://www.sdis31.fr/sites/default/files/atoms/files/ro_2012.pdf#page=48
31-48-13;SDIS 31 · règlement opérationnel 2012 · annexe 2;2012-07-16;48;Secours à personnes;Autres assistances;Carence d'ambulance privée;RURAL : VSAV | PAVILLON- NAIRE : VSAV | URBAIN : VSAV | CENTRE VILLE ANCIEN : VSAV | CENTRE VILLE ANCIEN EPC 18m : VSAV;https://www.sdis31.fr/sites/default/files/atoms/files/ro_2012.pdf#page=48
31-49-01;SDIS 31 · règlement opérationnel 2012 · annexe 2;2012-07-16;49;Secours à personnes;Autres assistances;Déclenchement de télé assistance;RURAL : VSAV + VID | PAVILLON- NAIRE : VSAV + VID | URBAIN : VSAV + VID | CENTRE VILLE ANCIEN : VSAV + VID | CENTRE VILLE ANCIEN EPC 18m : VSAV + VID;https://www.sdis31.fr/sites/default/files/atoms/files/ro_2012.pdf#page=49
31-49-02;SDIS 31 · règlement opérationnel 2012 · annexe 2;2012-07-16;49;Secours à personnes;Autres assistances;Personne agitée;RURAL : VSAV | PAVILLON- NAIRE : VSAV | URBAIN : VSAV | CENTRE VILLE ANCIEN : VSAV | CENTRE VILLE ANCIEN EPC 18m : VSAV;https://www.sdis31.fr/sites/default/files/atoms/files/ro_2012.pdf#page=49
31-49-03;SDIS 31 · règlement opérationnel 2012 · annexe 2;2012-07-16;49;Secours à personnes;Autres assistances;Personne ne répondant pas aux appels / < R+2;RURAL : VSAV + VID | PAVILLON- NAIRE : VSAV + VID | URBAIN : VSAV + VID | CENTRE VILLE ANCIEN : VSAV + VID | CENTRE VILLE ANCIEN EPC 18m : VSAV + VID;https://www.sdis31.fr/sites/default/files/atoms/files/ro_2012.pdf#page=49
31-49-04;SDIS 31 · règlement opérationnel 2012 · annexe 2;2012-07-16;49;Secours à personnes;Autres assistances;Personne ne répondant pas aux appels / > R+2;RURAL : VSAV + EPA | PAVILLON- NAIRE : VSAV + EPA | URBAIN : VSAV + EPA | CENTRE VILLE ANCIEN : VSAV + EPA | CENTRE VILLE ANCIEN EPC 18m : VSAV + EPA;https://www.sdis31.fr/sites/default/files/atoms/files/ro_2012.pdf#page=49
31-49-05;SDIS 31 · règlement opérationnel 2012 · annexe 2;2012-07-16;49;Secours à personnes;Autres assistances;Relevage de personne;RURAL : VSAV | PAVILLON- NAIRE : VSAV | URBAIN : VSAV | CENTRE VILLE ANCIEN : VSAV | CENTRE VILLE ANCIEN EPC 18m : VSAV;https://www.sdis31.fr/sites/default/files/atoms/files/ro_2012.pdf#page=49
31-49-06;SDIS 31 · règlement opérationnel 2012 · annexe 2;2012-07-16;49;Secours à personnes;Blessés / Accidents;Blessé à domicile;RURAL : VSAV | PAVILLON- NAIRE : VSAV | URBAIN : VSAV | CENTRE VILLE ANCIEN : VSAV | CENTRE VILLE ANCIEN EPC 18m : VSAV;https://www.sdis31.fr/sites/default/files/atoms/files/ro_2012.pdf#page=49
31-49-07;SDIS 31 · règlement opérationnel 2012 · annexe 2;2012-07-16;49;Secours à personnes;Blessés / Accidents;Blessé au sport;RURAL : VSAV | PAVILLON- NAIRE : VSAV | URBAIN : VSAV | CENTRE VILLE ANCIEN : VSAV | CENTRE VILLE ANCIEN EPC 18m : VSAV;https://www.sdis31.fr/sites/default/files/atoms/files/ro_2012.pdf#page=49
31-49-08;SDIS 31 · règlement opérationnel 2012 · annexe 2;2012-07-16;49;Secours à personnes;Blessés / Accidents;Secours spéléo;RURAL : VSS + VSAV + VCG | PAVILLON- NAIRE : VSS + VSAV + VCG | URBAIN : VSS + VSAV + VCG | CENTRE VILLE ANCIEN : VSS + VSAV + VCG | CENTRE VILLE ANCIEN EPC 18m : VSS + VSAV + VCG;https://www.sdis31.fr/sites/default/files/atoms/files/ro_2012.pdf#page=49
31-49-09;SDIS 31 · règlement opérationnel 2012 · annexe 2;2012-07-16;49;Secours à personnes;Blessés / Accidents;Blessé autre lieu;RURAL : VSAV | PAVILLON- NAIRE : VSAV | URBAIN : VSAV | CENTRE VILLE ANCIEN : VSAV | CENTRE VILLE ANCIEN EPC 18m : VSAV;https://www.sdis31.fr/sites/default/files/atoms/files/ro_2012.pdf#page=49
31-49-10;SDIS 31 · règlement opérationnel 2012 · annexe 2;2012-07-16;49;Secours à personnes;Blessés / Accidents;Blessé dans un ERP;RURAL : VSAV | PAVILLON- NAIRE : VSAV | URBAIN : VSAV | CENTRE VILLE ANCIEN : VSAV | CENTRE VILLE ANCIEN EPC 18m : VSAV;https://www.sdis31.fr/sites/default/files/atoms/files/ro_2012.pdf#page=49
31-49-11;SDIS 31 · règlement opérationnel 2012 · annexe 2;2012-07-16;49;Secours à personnes;Blessés / Accidents;Blessé sur le lieu de travail;RURAL : VSAV | PAVILLON- NAIRE : VSAV | URBAIN : VSAV | CENTRE VILLE ANCIEN : VSAV | CENTRE VILLE ANCIEN EPC 18m : VSAV;https://www.sdis31.fr/sites/default/files/atoms/files/ro_2012.pdf#page=49
31-49-12;SDIS 31 · règlement opérationnel 2012 · annexe 2;2012-07-16;49;Secours à personnes;Blessés / Accidents;Blessé sur voie publique;RURAL : VSAV | PAVILLON- NAIRE : VSAV | URBAIN : VSAV | CENTRE VILLE ANCIEN : VSAV | CENTRE VILLE ANCIEN EPC 18m : VSAV;https://www.sdis31.fr/sites/default/files/atoms/files/ro_2012.pdf#page=49
31-49-13;SDIS 31 · règlement opérationnel 2012 · annexe 2;2012-07-16;49;Secours à personnes;Blessés / Accidents;Milieu périlleux;RURAL : VSAV + GRIMP + VCG | PAVILLON- NAIRE : VSAV + GRIMP + VCG | URBAIN : VSAV + GRIMP + VCG | CENTRE VILLE ANCIEN : VSAV + GRIMP + VCG | CENTRE VILLE ANCIEN EPC 18m : VSAV + GRIMP + VCG;https://www.sdis31.fr/sites/default/files/atoms/files/ro_2012.pdf#page=49
31-49-14;SDIS 31 · règlement opérationnel 2012 · annexe 2;2012-07-16;49;Secours à personnes;Intoxications;Intoxication au CO nombreuses victimes;RURAL : VLD + GSAP + FPT | PAVILLON- NAIRE : VLD + GSAP + FPT | URBAIN : VLD + GSAP + FPT | CENTRE VILLE ANCIEN : VLD + GSAP + FPTL | CENTRE VILLE ANCIEN EPC 18m : VLD + GSAP + FPTL;https://www.sdis31.fr/sites/default/files/atoms/files/ro_2012.pdf#page=49
31-49-15;SDIS 31 · règlement opérationnel 2012 · annexe 2;2012-07-16;49;Secours à personnes;Intoxications;Intoxication au CO;RURAL : VSAV + FPT | PAVILLON- NAIRE : VSAV + FPT | URBAIN : VSAV + FPT + VCG | CENTRE VILLE ANCIEN : VSAV + FPTL + VCG | CENTRE VILLE ANCIEN EPC 18m : VSAV + FPTL + VCG;https://www.sdis31.fr/sites/default/files/atoms/files/ro_2012.pdf#page=49
31-49-16;SDIS 31 · règlement opérationnel 2012 · annexe 2;2012-07-16;49;Secours à personnes;Intoxications;Intoxication autre;RURAL : VSAV | PAVILLON- NAIRE : VSAV | URBAIN : VSAV | CENTRE VILLE ANCIEN : VSAV | CENTRE VILLE ANCIEN EPC 18m : VSAV;https://www.sdis31.fr/sites/default/files/atoms/files/ro_2012.pdf#page=49
31-49-17;SDIS 31 · règlement opérationnel 2012 · annexe 2;2012-07-16;49;Secours à personnes;Malaises;Malaise à domicile (sans urgence vitale);RURAL : VSAV | PAVILLON- NAIRE : VSAV | URBAIN : VSAV | CENTRE VILLE ANCIEN : VSAV | CENTRE VILLE ANCIEN EPC 18m : VSAV;https://www.sdis31.fr/sites/default/files/atoms/files/ro_2012.pdf#page=49
31-49-18;SDIS 31 · règlement opérationnel 2012 · annexe 2;2012-07-16;49;Secours à personnes;Malaises;Malaise à domicile (avec urgence vitale);RURAL : VSAV | PAVILLON- NAIRE : VSAV | URBAIN : VSAV | CENTRE VILLE ANCIEN : VSAV | CENTRE VILLE ANCIEN EPC 18m : VSAV;https://www.sdis31.fr/sites/default/files/atoms/files/ro_2012.pdf#page=49
31-49-19;SDIS 31 · règlement opérationnel 2012 · annexe 2;2012-07-16;49;Secours à personnes;Malaises;Malaise au sport;RURAL : VSAV | PAVILLON- NAIRE : VSAV | URBAIN : VSAV | CENTRE VILLE ANCIEN : VSAV | CENTRE VILLE ANCIEN EPC 18m : VSAV;https://www.sdis31.fr/sites/default/files/atoms/files/ro_2012.pdf#page=49
31-49-20;SDIS 31 · règlement opérationnel 2012 · annexe 2;2012-07-16;49;Secours à personnes;Malaises;Malaise autre lieu;RURAL : VSAV | PAVILLON- NAIRE : VSAV | URBAIN : VSAV | CENTRE VILLE ANCIEN : VSAV | CENTRE VILLE ANCIEN EPC 18m : VSAV;https://www.sdis31.fr/sites/default/files/atoms/files/ro_2012.pdf#page=49
31-50-01;SDIS 31 · règlement opérationnel 2012 · annexe 2;2012-07-16;50;Secours à personnes;Malaises;Malaise dans un ERP;RURAL : VSAV | PAVILLON- NAIRE : VSAV | URBAIN : VSAV | CENTRE VILLE ANCIEN : VSAV | CENTRE VILLE ANCIEN EPC 18m : VSAV;https://www.sdis31.fr/sites/default/files/atoms/files/ro_2012.pdf#page=50
31-50-02;SDIS 31 · règlement opérationnel 2012 · annexe 2;2012-07-16;50;Secours à personnes;Malaises;Malaise sur le lieu de travail;RURAL : VSAV | PAVILLON- NAIRE : VSAV | URBAIN : VSAV | CENTRE VILLE ANCIEN : VSAV | CENTRE VILLE ANCIEN EPC 18m : VSAV;https://www.sdis31.fr/sites/default/files/atoms/files/ro_2012.pdf#page=50
31-50-03;SDIS 31 · règlement opérationnel 2012 · annexe 2;2012-07-16;50;Secours à personnes;Malaises;Malaise sur voie publique;RURAL : VSAV | PAVILLON- NAIRE : VSAV | URBAIN : VSAV | CENTRE VILLE ANCIEN : VSAV | CENTRE VILLE ANCIEN EPC 18m : VSAV;https://www.sdis31.fr/sites/default/files/atoms/files/ro_2012.pdf#page=50
31-50-04;SDIS 31 · règlement opérationnel 2012 · annexe 2;2012-07-16;50;Secours à personnes;Noyade;Personne tombée à l'eau ou noyade;RURAL : VSAV + FPT + VPL + VCG | PAVILLON- NAIRE : VSAV + FPT + VPL + VCG | URBAIN : VSAV + FPT + VPL + VCG | CENTRE VILLE ANCIEN : VSAV + FPTL + 2 VPL + VCG | CENTRE VILLE ANCIEN EPC 18m : VSAV + FPTL + 2 VPL + VCG;https://www.sdis31.fr/sites/default/files/atoms/files/ro_2012.pdf#page=50
